{
    "center": [
        478,
        481
    ],
    "radius": 386.08095008054363,
    "perspective_matrix": [
        [
            1.0786530413044344,
            0.08635605056611088,
            -88.29914932432861
        ],
        [
            0.024824567058213218,
            1.2671996328194097,
            -94.07436751652544
        ],
        [
            1.5833558249855833e-05,
            0.00018944809335846616,
            1.0
        ]
    ]
}