{
    "center": [
        478,
        482
    ],
    "radius": 383.9386938799921,
    "perspective_matrix": [
        [
            1.0829977327016438,
            0.0972001598086606,
            -92.26174512469302
        ],
        [
            0.027410698169043516,
            1.2800142568837967,
            -96.99101359014139
        ],
        [
            1.6934512070564514e-05,
            0.00020367813902799633,
            1.0
        ]
    ],
    "mirror_fix": false
}